{"cameraMode":{"drawMode":0,"name":"Shaded","section":"Shading Mode"},"sceneLighting":false,"audioPlay":false,"sceneViewState":{"showFog":true,"showMaterialUpdate":false,"showSkybox":true,"showFlares":true,"showImageEffects":true,"showParticleSystems":true},"in2DMode":false,"pivot":{"x":-6.01114559173584,"y":3.3681869506835939,"z":10.24439525604248},"rotation":{"x":-0.34693485498428347,"y":-0.0064737251959741119,"z":0.002394807757809758,"w":-0.9378638863563538},"size":2.67075777053833,"orthographic":false}